130,Aldham,Elita,15
459,Alsina,Lambert,31
143,Andreucci,Carey,9
453,Anthoine,Alick,8
339,Armit,Evelyn,35
432,Arnaldi,Boris,28
242,Audry,Kimbell,24
96,Baldack,Rodrique,26
260,Baldassi,Clemmie,17
273,Bartrop,Archer,9
108,Bastin,Cristen,36
97,Benford,Ahmed,11
232,Benmore,Steffie,20
473,Betser,Lauren,9
221,Birchwood,Giorgia,47
427,Birdseye,Kahlil,25
136,Blazhevich,Pietro,50
134,Bordone,Lem,37
101,Bright,Ruttger,47
241,Brimblecombe,Taylor,39
269,Brownsey,Jessy,41
391,Bruineman,Carmencita,43
374,Caldwell,Suzann,26
476,Castiglio,Zara,43
29,Chaplyn,Micky,16
326,Cheers,Chuck,44
390,Cheese,Wain,50
22,Chicotti,Ozzy,41
76,Cochrane,Wallie,1
448,Crafter,Dennison,26
191,Cripps,Godard,40
27,Dangl,Abbe,31
294,Delepine,Teri,32
413,Diviny,Jewell,9
69,Doddridge,Binny,42
495,Donaho,Thomasine,46
388,Durban,Norri,14
50,Edridge,Fair,42
292,Elie,Brigg,22
415,Episcopio,Jake,1
478,Everley,Jere,22
5,Fishbourn,Kaitlynn,39
437,Franssen,Valaria,26
443,Gaines,Caritta,40
264,Galego,Chad,46
239,Gare,Rosana,48
382,Gibbeson,Lewiss,8
20,Gibke,Jonell,47
384,Girton,Xaviera,44
100,Greneham,Ric,21
88,Grime,Angele,21
12,Hovington,Tera,23
200,Howard,Sindee,46
419,Hoyle,Preston,42
407,Huston,Ardenia,44
68,Izaks,Gabbie,36
496,Jarvie,Marrissa,47
98,Joannic,Brantley,15
336,Jon,Marget,45
28,Josephi,Stanley,43
387,Kepe,Sheffield,45
255,Keuning,Cobbie,20
126,Knatt,Marchall,26
175,Kuna,Jud,37
82,Kynastone,Catherin,50
323,Lacknor,Lidia,13
405,le Keux,Lyman,38
64,Leeb,Corly,50
452,Lepper,Lorita,38
492,Livesay,Leontine,45
276,Mackie,Mab,32
313,MacPaden,Em,44
296,MacRorie,Ondrea,47
489,Malpass,Sherlock,21
464,Maltby,Cynthy,7
261,Marriot,Debra,14
109,Matieu,Miranda,22
180,McGilroy,Brok,27
71,McVity,Alaine,41
112,Messier,Vinnie,47
362,Molder,Caty,18
299,Morl,Byrann,48
148,Mulleary,Dehlia,41
376,Mylchreest,Hillier,37
318,Nicholes,Rolph,45
409,Noods,Kelvin,45
421,Outlaw,Christalle,44
426,Overil,Ward,12
284,Paddeley,Lenka,25
340,Peabody,Brett,49
85,Pennicott,Celisse,6
102,Pennuzzi,Gilli,28
70,Phelip,Muffin,12
48,Poxton,Waiter,27
36,Priden,Rebecca,47
198,Proppers,Josephina,24
160,Ranklin,Greer,1
354,Rawstorn,Lurleen,43
218,Richin,Pascale,32
301,Riddoch,Gannon,34
127,Risdall,Shell,10
347,Rodda,Karrah,50
321,Scurlock,Ursula,18
113,Sherratt,Ara,16
310,Shorey,Ben,45
461,Spaxman,Karly,27
352,Stansbury,Ede,1
226,Stearn,Hertha,44
243,Stilgo,Corny,21
81,Stithe,Lazaro,22
289,Stolze,Cully,41
121,Stud,Lucky,9
250,Sutcliffe,Mathian,9
319,Taberner,Shawnee,46
348,Tattersfield,Noland,41
213,Toppes,Marcelo,15
87,Tripcony,Linn,17
51,Wace,Lorry,34
484,Waskett,Sonja,45
203,Wesgate,Georgianna,38
59,Whickman,Linoel,50
106,Wing,Giuditta,44
137,Winship,Bee,33
329,Zavattero,Susanetta,43
3,Zellner,Adoree,36
