25,Abbys,Frank,47
174,Agdahl,Maureen,49
417,Alderwick,Ludvig,20
262,Arens,Aretha,19
467,Arnauduc,Elfrida,41
359,Ashbridge,Curtice,34
401,Atley,Tiphanie,42
80,Babb,Minda,25
86,Badam,Corinne,49
215,Banat,Cassy,46
116,Baswall,Jeddy,18
53,Beaufoy,Cobb,49
377,Bernadzki,Thaxter,34
43,Bernardi,Heath,9
493,Biggs,Damita,18
16,Bog,Evvie,20
271,Bonaire,Raven,40
228,Bonelle,Dolley,40
54,Boome,Andi,37
335,Bowkett,Valery,42
494,Branston,Shannen,29
206,Brockbank,Paxton,41
67,Bugbird,Philip,41
89,Bythell,Billi,17
358,Capun,Albertine,50
63,Caselick,Madalena,43
10,Caville,Conrade,39
290,Cherrett,Delmor,15
394,Christou,Cristi,38
32,Ciccetti,Pennie,40
181,Cicchelli,Tandy,35
303,Clemonts,Constantin,49
187,Cockayne,Truda,31
357,Cockshtt,Cullie,14
463,Collidge,Nannette,22
94,Colpus,Roddy,27
442,Coslett,Jennica,45
304,Coupar,Emmanuel,32
17,Craigs,Claudetta,39
285,Cressingham,Rorke,35
383,De Filippo,Missy,50
152,Dengate,Roanna,36
37,Dennison,Cassaundra,41
171,Dhillon,Katya,33
372,Dilrew,Berty,50
325,Dives,Ashlee,46
297,Divis,Fax,47
281,Dobbyn,Zak,26
93,Doll,Augustus,24
189,Effemy,Carlos,24
266,Farbrace,Brennen,30
55,Farrens,Emelita,15
423,Faucherand,Verene,36
30,Fenning,Ferdinand,33
201,Ferrara,Daphna,45
92,Fibbens,Enrique,41
72,Fidell,Chadwick,43
330,Ginnety,Ricky,17
424,Giscken,Lorrin,21
311,Glasard,Cale,23
268,Goldwater,Sterne,45
498,Goneau,Ravi,49
141,Gorrissen,Paula,45
447,Grigorey,Ara,48
139,Gronauer,Jacquenette,28
253,Haglington,Tansy,41
75,Hanley,Neill,44
324,Hearst,Karalee,50
317,Heynel,Demetris,21
169,Honniebal,Fleur,41
438,Huband,Cornall,17
244,Hully,Ninette,35
159,Iiannone,Gusti,38
178,Illston,Giacopo,17
90,Itzkovsky,Ignacius,25
274,Ivanenkov,Nickolaus,44
135,Jaan,Myrah,43
225,Jago,Gordon,28
315,Jellico,Lizzy,35
62,Jervoise,Reyna,45
246,Joire,Priscilla,39
31,Kahane,Ophelia,7
337,Kiendl,Binky,35
9,Kilcoyne,Ogdon,4
371,Killeen,Enrika,33
58,Koeppke,Rolland,33
454,Koppe,Izzy,20
91,Laverty,Isa,33
177,Leehane,Dorri,2
298,Linklet,Culver,46
124,Lis,Franky,33
343,Lobb,Ginnifer,48
379,Lober,Olympia,50
83,Loveday,Trudi,40
1,Luckin,Earle,50
125,MacAnellye,Sophronia,31
231,MacCourt,Dal,26
475,MacGraith,Meta,48
182,Maddicks,Truman,44
73,Marchington,Domeniga,14
78,Marques,Ellie,11
477,Mathet,Shamus,49
122,Maudlin,Jewelle,45
153,McCandless,Kaycee,38
119,McGaugan,Hurlee,40
411,Mingus,Adam,30
60,Mousdall,Karee,47
252,Munnery,Ogden,31
287,Northway,Lowrance,43
240,O'Canavan,Darci,24
488,Okroy,Simmonds,49
107,Osbiston,Leonard,47
392,Paffett,Gayelord,18
280,Parkman,Kanya,34
283,Pauler,Arlie,50
42,Pharo,Tomi,49
278,Pirozzi,Hal,32
123,Polye,Bibbie,5
416,Possell,Bentlee,37
479,Postle,Reynold,22
490,Prigmore,Fremont,38
412,Rawll,Cheston,27
249,Riby,Edouard,44
219,Rigardeau,Eugenia,17
350,Rikard,Niles,29
46,Rudolph,Cymbre,19
157,Safhill,Jareb,23
186,Scarfe,Orelee,42
104,Schettini,Odetta,47
408,Seden,Sabine,44
381,Seiter,Elston,9
131,Shapcott,Korey,48
458,Spurman,Rutherford,16
457,Standing,Gideon,45
332,Staterfield,Culver,45
257,Streeting,Alfonse,43
74,Stubbe,Lin,32
288,Stutte,Halli,46
227,Sumshon,Theodor,40
399,Suthworth,Alfie,47
300,Swetmore,Peria,40
224,Swettenham,Cyrillus,45
483,Teggin,Willis,31
486,Togher,Tiphanie,33
235,Trask,Mitchael,39
491,Treversh,Charisse,36
480,Triggs,Conrado,45
151,Verman,Fionna,17
110,Vezey,Melita,21
38,Vinall,Libbie,37
117,Waitland,Avram,24
13,Wesson,Roseanne,25
410,Wiggam,Barbara-anne,36
230,Winsper,Shaylynn,30
8,Witherbed,Morey,38
441,Wixey,Marcellina,35
