282,Aikin,Olivero,16
115,Alelsandrowicz,Bronnie,13
308,Alenichicov,Evaleen,50
460,Ales,Persis,34
259,Ambroisin,Raddy,38
166,Atterbury,Georgi,23
33,Audley,Birgitta,24
142,Babonau,Matty,1
150,Baert,Hoyt,33
344,Banfield,Bogey,28
380,Bantham,Raye,9
322,Barnwill,Luisa,47
320,Bartolomivis,Karel,50
433,Bauld,Rolph,41
270,Bean,Gennifer,42
168,Bellini,Ichabod,43
370,Bitten,Minnnie,50
167,Bodycombe,Dewey,50
24,Bothams,Brena,41
234,Bouskill,Cordie,32
220,Brunker,Rosco,42
132,Byre,Michaeline,35
248,Camplejohn,Payton,22
314,Canero,Emylee,41
2,Cervantes,Vi,12
364,Chawkley,Imogene,50
236,Ciccone,Bettine,19
341,Clemo,Donal,38
267,Clericoates,Randall,12
161,Cornell,Base,38
450,Covolini,Vi,45
455,Cowherd,Tanny,43
356,Creese,Trevor,20
190,Daw,Feodor,49
328,Dearsley,Tudor,41
57,Desporte,Mellie,13
105,Dislee,Danna,50
272,Drillot,Elnore,50
474,Dumbarton,Valencia,32
363,Dur,Laurice,44
245,Edinburough,Daniele,19
291,Fairlam,Artus,22
99,Frackiewicz,Carlin,40
254,Francescoccio,Kora,23
140,Fruchon,Teodora,27
39,Gabel,Nolly,19
465,Gallen,Lexine,43
334,Giampietro,Flynn,50
41,Gibard,Benito,25
145,Gierhard,Tawsha,34
52,Gluyus,Lishe,45
194,Golledge,Larisa,17
346,Golson,Giraldo,7
365,Gostyke,Claudine,24
471,Goves,Chan,6
118,Gregoraci,Theresina,48
444,Grierson,Nathalia,37
199,Gronav,Jannel,44
472,Grzelak,Hinda,18
481,Gwilliams,Velvet,48
205,Gwyn,Leonie,47
79,Hannaford,Carr,40
196,Hanretty,Marlin,21
209,Harriskine,Bryanty,42
430,Hegge,Annecorinne,41
212,Hindshaw,Wade,31
188,Hirth,Katrina,31
275,Houldey,Demeter,41
327,Howling,Domenico,36
485,Iacovucci,Bobinette,26
95,Ianiello,Josee,47
146,Igoe,Eadmund,26
316,Ince,Hugh,38
229,Jahn,Hilliard,46
436,Jeens,Kenneth,16
385,Jikylls,Fannie,39
361,Jimson,Lev,48
18,Karpov,Haleigh,4
393,Kedslie,Bill,30
129,Kenshole,Jameson,16
420,Kinmond,Ki,26
431,Klicher,Aurie,19
147,Klus,Florance,50
170,Kohring,Coretta,47
456,Ladlow,Ibbie,39
389,Langdon,Claiborne,42
445,Lapthorn,Vern,22
251,Layson,Brendis,44
395,Learmount,Stacee,31
435,Leggis,Cate,42
295,Leggott,Hernando,1
366,Litchfield,Shara,39
35,Lude,Roxana,49
331,Lukacs,Sydelle,39
223,Lutz,Tuckie,46
373,MacDougall,Eimile,38
138,MacLleese,Donall,39
360,MacPhaden,Fanni,11
353,MacSorley,Thalia,39
406,Mathivon,Maude,44
451,McGuane,Mina,45
165,McKue,Ed,35
277,Melbourn,Tully,32
216,Mew,Farrel,49
369,Mildenhall,Rollo,36
418,Mully,Jen,25
396,Muncie,Salome,9
402,Mundee,Darcy,34
128,Newband,Sarajane,27
462,Nicholas,Demetrius,49
422,O'Kielt,Kalina,49
306,Ochterlonie,Idelle,22
386,Osboldstone,Madlin,33
34,Palatini,Moss,24
237,Paolo,Lamond,40
375,Pellatt,Yettie,5
439,Pepye,Dickie,23
111,Pinxton,Wittie,50
66,Pottell,Barr,20
77,Pottes,Rorie,27
40,Rabjohns,Geno,50
133,Raffon,Purcell,15
258,Raithbie,Kimbra,36
26,Romaine,Sherry,46
400,Rothman,Burk,17
345,Rouf,Sutherlan,41
293,Rumin,Jaymie,47
56,Sandom,Kat,47
185,Searchfield,Nina,25
202,Searsby,Lindsay,27
211,Sings,Lebbie,4
45,Skelhorne,Juline,21
279,Sloan,Zaccaria,10
355,Spensly,Drona,41
65,St. Ledger,Marten,29
208,Stock,Susette,40
233,Straker,Caprice,48
162,Swindall,Louisa,38
428,Sykora,Markos,27
214,Tatton,Carlye,23
144,Teather,Cammi,47
333,Tebbe,Gypsy,9
197,Titcombe,Gayle,25
7,Tuohy,Titus,48
302,Veltman,Theresita,15
207,Vidgen,Hillary,39
342,Wathell,Durante,49
156,Whiteoak,Kelci,46
164,Wickham,Remy,4
44,Wink,Wiatt,41
120,Zoppo,Michaeline,48
